category,concept_id,score,fi
PVD,725040,1,vafi
PVD,725041,1,vafi
PVD,725042,1,vafi
PVD,725043,1,vafi
PVD,725044,1,vafi
PVD,725045,1,vafi
PVD,725046,1,vafi
PVD,725047,1,vafi
PVD,725048,1,vafi
PVD,725049,1,vafi
PVD,725050,1,vafi
PVD,725051,1,vafi
PVD,725052,1,vafi
PVD,725053,1,vafi
PVD,725054,1,vafi
PVD,725055,1,vafi
Anemia,441269,1,vafi
Anemia,4219853,1,vafi
Anemia,4160887,1,vafi
Anemia,36713763,1,vafi
Lung,4120262,1,vafi
Lung,4277596,1,vafi
Lung,4279553,1,vafi
Lung,37208102,1,vafi
Lung,4119786,1,vafi
Lung,4197819,1,vafi
Lung,4025168,1,vafi
Liver,4267417,1,vafi
Arthritis,4035611,1,vafi
Arthritis,4083556,1,vafi
Arthritis,80809,1,vafi
Arthritis,4035439,1,vafi
Arthritis,44783205,1,vafi
Arthritis,40481943,1,vafi
Osteo,40480160,1,vafi
Osteo,80824,1,vafi
Osteo,4201705,1,vafi
Osteo,80502,1,vafi
Osteo,40305987,1,vafi
Osteo,73574,1,vafi
Osteo,75634,1,vafi
Kidney,4054992,1,vafi
Kidney,36716651,1,vafi
Kidney,4056478,1,vafi
Kidney,443597,1,vafi
Kidney,45763854,1,vafi
Kidney,45763855,1,vafi
DuraMed,915610,1,vafi
Cancer,4158910,1,vafi
Cancer,4212994,1,vafi
Cancer,40483374,1,vafi
Cancer,4082627,1,vafi
Cancer,4301666,1,vafi
Cancer,40482072,1,vafi
Cancer,4184976,1,vafi
Cancer,4029188,1,vafi
Cancer,40482893,1,vafi
Cancer,40492268,1,vafi
Cancer,40488812,1,vafi
Cancer,4217892,1,vafi
Cancer,4044708,1,vafi
DuraMed,937581,1,vafi
DuraMed,937582,1,vafi
Hearing,953257,1,vafi
Hearing,953258,1,vafi
Hearing,953259,1,vafi
Dementia,725120,1,vafi
HF,1314353,1,vafi
Lung,1314354,1,vafi
DuraMed,1314394,1,vafi
CVA,1314439,1,vafi
CVA,1314440,1,vafi
Cancer,1314504,1,vafi
Cancer,1314505,1,vafi
Cancer,1314507,1,vafi
Cancer,4264693,1,vafi
Cancer,37396742,1,vafi
Cancer,4040379,1,vafi
Diabetes,4009303,1,vafi
Diabetes,201826,1,vafi
Diabetes,4228443,1,vafi
Vision,45757719,1,vafi
Vision,372906,1,vafi
Vision,45757720,1,vafi
Vision,45757722,1,vafi
Vision,4103741,1,vafi
Vision,45757721,1,vafi
Vision,45757708,1,vafi
Vision,45757699,1,vafi
CAD,312327,1,vafi
CAD,37309626,1,vafi
CAD,4329847,1,vafi
HF,4273632,1,vafi
HF,4233424,1,vafi
HF,4014159,1,vafi
HF,37309625,1,vafi
HF,4195785,1,vafi
HF,4242669,1,vafi
HF,4004279,1,vafi
HF,316139,1,vafi
AFIB,45768480,1,vafi
AFIB,4232697,1,vafi
AFIB,4141360,1,vafi
AFIB,4232691,1,vafi
Cancer,4033836,1,vafi
Cancer,4100425,1,vafi
Cancer,4197474,1,vafi
Cancer,4197475,1,vafi
Cancer,435755,1,vafi
Cancer,4297185,1,vafi
Cancer,36712715,1,vafi
Cancer,4291143,1,vafi
Cancer,36712713,1,vafi
Cancer,4338759,1,vafi
Cancer,4335884,1,vafi
Cancer,4313205,1,vafi
Cancer,4309539,1,vafi
CVA,443454,1,vafi
CVA,321887,1,vafi
Lung,2101876,1,vafi
Depress,2101900,1,vafi
Falls,2104915,1,vafi
Falls,2104916,1,vafi
Falls,2104917,1,vafi
Falls,2104918,1,vafi
CAD,2107216,1,vafi
CAD,2107217,1,vafi
CAD,2107218,1,vafi
CAD,2107219,1,vafi
CAD,2107220,1,vafi
CAD,2107221,1,vafi
CAD,2107222,1,vafi
CAD,2107223,1,vafi
CAD,2107224,1,vafi
CAD,2107226,1,vafi
CAD,2107227,1,vafi
CAD,2107228,1,vafi
CAD,2107231,1,vafi
CAD,2107242,1,vafi
CAD,2107243,1,vafi
CAD,2107244,1,vafi
CAD,2107250,1,vafi
PVD,2107577,1,vafi
PVD,2107580,1,vafi
PVD,2107592,1,vafi
PVD,2107598,1,vafi
PVD,2107599,1,vafi
PVD,2107756,1,vafi
PVD,2107757,1,vafi
PVD,2107758,1,vafi
PVD,2107759,1,vafi
PVD,2107760,1,vafi
PVD,2107761,1,vafi
PVD,2107772,1,vafi
PVD,2107773,1,vafi
PVD,2107774,1,vafi
PVD,2107775,1,vafi
PVD,2107852,1,vafi
PVD,2107854,1,vafi
PVD,2107860,1,vafi
PVD,2107872,1,vafi
Kidney,2108276,1,vafi
Kidney,2108277,1,vafi
Kidney,2108278,1,vafi
Osteo,2108437,1,vafi
Kidney,2109024,1,vafi
Kidney,2213572,1,vafi
Kidney,2213573,1,vafi
Kidney,2213575,1,vafi
Kidney,2213587,1,vafi
Kidney,2213588,1,vafi
Kidney,2213589,1,vafi
Kidney,2213593,1,vafi
Kidney,2213597,1,vafi
Kidney,2213598,1,vafi
Kidney,2213599,1,vafi
Kidney,2213601,1,vafi
Hearing,2313753,1,vafi
Hearing,2313754,1,vafi
Hearing,2313755,1,vafi
Hearing,2313756,1,vafi
Hearing,2313757,1,vafi
Hearing,2313758,1,vafi
Hearing,2313759,1,vafi
CAD,2313803,1,vafi
CAD,2313804,1,vafi
CAD,2313810,1,vafi
CAD,2313811,1,vafi
AFIB,2313973,1,vafi
Kidney,2313999,1,vafi
Kidney,2514586,1,vafi
DuraMed,2616476,1,vafi
DuraMed,2616477,1,vafi
DuraMed,2616486,1,vafi
DuraMed,2616487,1,vafi
DuraMed,2616488,1,vafi
DuraMed,2616489,1,vafi
DuraMed,2616491,1,vafi
DuraMed,2616492,1,vafi
DuraMed,2616495,1,vafi
DuraMed,2616496,1,vafi
DuraMed,2616497,1,vafi
DuraMed,2616505,1,vafi
DuraMed,2616506,1,vafi
DuraMed,4035625,1,vafi
DuraMed,2616508,1,vafi
DuraMed,2616509,1,vafi
DuraMed,2616510,1,vafi
DuraMed,2616511,1,vafi
DuraMed,2616512,1,vafi
DuraMed,2616513,1,vafi
DuraMed,2616559,1,vafi
DuraMed,2616564,1,vafi
DuraMed,2616587,1,vafi
DuraMed,2616589,1,vafi
DuraMed,2616591,1,vafi
DuraMed,2616592,1,vafi
DuraMed,2616593,1,vafi
DuraMed,2616682,1,vafi
DuraMed,2616683,1,vafi
DuraMed,2616684,1,vafi
DuraMed,2616686,1,vafi
DuraMed,2616687,1,vafi
DuraMed,2616785,1,vafi
DuraMed,2616786,1,vafi
DuraMed,2616787,1,vafi
DuraMed,2616790,1,vafi
DuraMed,2616791,1,vafi
DuraMed,2616792,1,vafi
DuraMed,2616793,1,vafi
DuraMed,2616794,1,vafi
DuraMed,2616796,1,vafi
DuraMed,2616827,1,vafi
DuraMed,2616835,1,vafi
DuraMed,2616836,1,vafi
DuraMed,2616837,1,vafi
DuraMed,2616838,1,vafi
DuraMed,2616839,1,vafi
DuraMed,2616840,1,vafi
DuraMed,2616841,1,vafi
DuraMed,2616842,1,vafi
DuraMed,2616843,1,vafi
DuraMed,2616844,1,vafi
DuraMed,2616847,1,vafi
DuraMed,2616848,1,vafi
DuraMed,2616849,1,vafi
DuraMed,2616850,1,vafi
DuraMed,2616851,1,vafi
DuraMed,2616858,1,vafi
DuraMed,2616859,1,vafi
DuraMed,2616860,1,vafi
DuraMed,2616861,1,vafi
DuraMed,2616862,1,vafi
DuraMed,2616864,1,vafi
DuraMed,2616865,1,vafi
DuraMed,2616872,1,vafi
DuraMed,2616874,1,vafi
DuraMed,2616876,1,vafi
DuraMed,2616877,1,vafi
DuraMed,2616879,1,vafi
DuraMed,2616888,1,vafi
DuraMed,2616889,1,vafi
DuraMed,2616901,1,vafi
DuraMed,2616902,1,vafi
DuraMed,2616903,1,vafi
DuraMed,2616904,1,vafi
DuraMed,2616905,1,vafi
DuraMed,2616906,1,vafi
DuraMed,2616907,1,vafi
DuraMed,2616908,1,vafi
DuraMed,2616909,1,vafi
DuraMed,2616911,1,vafi
DuraMed,2616912,1,vafi
DuraMed,2616913,1,vafi
DuraMed,2616914,1,vafi
DuraMed,2616915,1,vafi
DuraMed,2616916,1,vafi
DuraMed,2616917,1,vafi
DuraMed,2616918,1,vafi
DuraMed,2616919,1,vafi
DuraMed,2616929,1,vafi
DuraMed,2616930,1,vafi
DuraMed,2616931,1,vafi
DuraMed,2616964,1,vafi
DuraMed,2616966,1,vafi
DuraMed,2616967,1,vafi
DuraMed,2616968,1,vafi
DuraMed,2616969,1,vafi
DuraMed,2616970,1,vafi
DuraMed,2616971,1,vafi
DuraMed,2616972,1,vafi
Kidney,4281167,1,vafi
DuraMed,4281167,1,vafi
DuraMed,2616974,1,vafi
DuraMed,2616975,1,vafi
Kidney,2616990,1,vafi
DuraMed,2616991,1,vafi
DuraMed,2616992,1,vafi
DuraMed,2616993,1,vafi
DuraMed,2617018,1,vafi
DuraMed,2617019,1,vafi
DuraMed,2617020,1,vafi
DuraMed,2617021,1,vafi
DuraMed,2617022,1,vafi
DuraMed,2617023,1,vafi
DuraMed,2617024,1,vafi
DuraMed,2617025,1,vafi
DuraMed,2617026,1,vafi
DuraMed,2617027,1,vafi
DuraMed,2617028,1,vafi
DuraMed,2617029,1,vafi
DuraMed,2617030,1,vafi
DuraMed,2617031,1,vafi
DuraMed,2617032,1,vafi
DuraMed,2617035,1,vafi
DuraMed,2617036,1,vafi
DuraMed,2617037,1,vafi
DuraMed,2617038,1,vafi
DuraMed,2617039,1,vafi
DuraMed,2617041,1,vafi
DuraMed,2617042,1,vafi
DuraMed,2617043,1,vafi
DuraMed,2617044,1,vafi
DuraMed,2617045,1,vafi
DuraMed,2617047,1,vafi
DuraMed,2617048,1,vafi
DuraMed,2617050,1,vafi
DuraMed,2617051,1,vafi
DuraMed,2617053,1,vafi
DuraMed,2617054,1,vafi
DuraMed,2617055,1,vafi
DuraMed,2617056,1,vafi
DuraMed,2617059,1,vafi
DuraMed,2617060,1,vafi
DuraMed,2617061,1,vafi
DuraMed,2617062,1,vafi
DuraMed,2617063,1,vafi
DuraMed,2617064,1,vafi
DuraMed,2617065,1,vafi
DuraMed,2617066,1,vafi
DuraMed,2617067,1,vafi
DuraMed,2617068,1,vafi
DuraMed,2617069,1,vafi
DuraMed,2617070,1,vafi
DuraMed,2617071,1,vafi
DuraMed,2617072,1,vafi
DuraMed,2617073,1,vafi
DuraMed,2617074,1,vafi
DuraMed,2617075,1,vafi
DuraMed,2617076,1,vafi
DuraMed,2617077,1,vafi
DuraMed,2617078,1,vafi
DuraMed,2617079,1,vafi
DuraMed,2617080,1,vafi
DuraMed,2617081,1,vafi
DuraMed,2617082,1,vafi
DuraMed,2617083,1,vafi
DuraMed,2617084,1,vafi
DuraMed,2617085,1,vafi
DuraMed,2617086,1,vafi
DuraMed,2617087,1,vafi
DuraMed,2617088,1,vafi
DuraMed,2617089,1,vafi
DuraMed,2617090,1,vafi
DuraMed,2617091,1,vafi
DuraMed,2617092,1,vafi
DuraMed,2617093,1,vafi
DuraMed,2617094,1,vafi
DuraMed,2617095,1,vafi
DuraMed,2617096,1,vafi
DuraMed,2617097,1,vafi
DuraMed,2617098,1,vafi
DuraMed,2617099,1,vafi
DuraMed,2617100,1,vafi
DuraMed,2617101,1,vafi
DuraMed,2617102,1,vafi
DuraMed,2617103,1,vafi
DuraMed,2617104,1,vafi
DuraMed,2617105,1,vafi
DuraMed,2617106,1,vafi
DuraMed,2617107,1,vafi
DuraMed,2617108,1,vafi
DuraMed,2617109,1,vafi
DuraMed,2617110,1,vafi
DuraMed,2617122,1,vafi
DuraMed,2617123,1,vafi
DuraMed,2617124,1,vafi
DuraMed,2617125,1,vafi
DuraMed,2617126,1,vafi
DuraMed,2617127,1,vafi
DuraMed,2617128,1,vafi
DuraMed,2617129,1,vafi
DuraMed,2617130,1,vafi
DuraMed,2617131,1,vafi
DuraMed,2617132,1,vafi
DuraMed,2617133,1,vafi
DuraMed,2617134,1,vafi
DuraMed,2617135,1,vafi
DuraMed,2617136,1,vafi
DuraMed,2617137,1,vafi
DuraMed,2617138,1,vafi
DuraMed,2617139,1,vafi
DuraMed,2617140,1,vafi
DuraMed,2617141,1,vafi
DuraMed,2617142,1,vafi
Kidney,2617342,1,vafi
Kidney,2617401,1,vafi
Kidney,2617405,1,vafi
Kidney,2617544,1,vafi
Kidney,2617545,1,vafi
Kidney,2617550,1,vafi
Kidney,2617551,1,vafi
Kidney,2617552,1,vafi
Depress,2617571,1,vafi
Depress,2617572,1,vafi
Depress,2617831,1,vafi
Diabetes,2617893,1,vafi
Kidney,2617894,1,vafi
Arthritis,2617898,1,vafi
Depress,2617910,1,vafi
Cancer,2617995,1,vafi
Cancer,2618012,1,vafi
Cancer,2618023,1,vafi
Cancer,2618029,1,vafi
Cancer,2618057,1,vafi
Cancer,2618058,1,vafi
Cancer,2618059,1,vafi
Cancer,2618060,1,vafi
Cancer,2618062,1,vafi
Cancer,2618063,1,vafi
Cancer,2618068,1,vafi
Cancer,2618069,1,vafi
Cancer,2618070,1,vafi
Cancer,2618071,1,vafi
Cancer,2618072,1,vafi
DuraMed,2718928,1,vafi
DuraMed,2718929,1,vafi
DuraMed,2718930,1,vafi
DuraMed,2718931,1,vafi
DuraMed,2718932,1,vafi
DuraMed,2718933,1,vafi
DuraMed,2718934,1,vafi
DuraMed,2718936,1,vafi
DuraMed,2718947,1,vafi
DuraMed,2718964,1,vafi
DuraMed,2718965,1,vafi
DuraMed,2718966,1,vafi
DuraMed,2718967,1,vafi
DuraMed,2718968,1,vafi
DuraMed,2718969,1,vafi
DuraMed,2718970,1,vafi
DuraMed,2718971,1,vafi
DuraMed,2718972,1,vafi
DuraMed,2718973,1,vafi
DuraMed,2718974,1,vafi
DuraMed,2719004,1,vafi
DuraMed,2719025,1,vafi
DuraMed,2719032,1,vafi
DuraMed,2719077,1,vafi
DuraMed,2719306,1,vafi
DuraMed,2719313,1,vafi
DuraMed,2719332,1,vafi
DuraMed,2719333,1,vafi
DuraMed,2719334,1,vafi
DuraMed,2719335,1,vafi
DuraMed,2719336,1,vafi
DuraMed,2719337,1,vafi
DuraMed,2719338,1,vafi
DuraMed,2719339,1,vafi
DuraMed,2719340,1,vafi
DuraMed,2719341,1,vafi
DuraMed,2719355,1,vafi
DuraMed,2719356,1,vafi
DuraMed,2719357,1,vafi
DuraMed,2719358,1,vafi
DuraMed,2719359,1,vafi
DuraMed,2719360,1,vafi
DuraMed,2719361,1,vafi
DuraMed,2719362,1,vafi
DuraMed,2719363,1,vafi
DuraMed,2719364,1,vafi
Hearing,2721066,1,vafi
CAD,2721131,1,vafi
CAD,2721132,1,vafi
CAD,2721133,1,vafi
CAD,2721134,1,vafi
CAD,2721135,1,vafi
DuraMed,2721622,1,vafi
DuraMed,4027467,1,vafi
DuraMed,2721624,1,vafi
DuraMed,2721625,1,vafi
DuraMed,2721626,1,vafi
DuraMed,2721627,1,vafi
DuraMed,2721641,1,vafi
DuraMed,2721642,1,vafi
DuraMed,2721643,1,vafi
DuraMed,2721644,1,vafi
DuraMed,2721652,1,vafi
DuraMed,2721653,1,vafi
Hearing,4110089,1,vafi
Hearing,2721915,1,vafi
Hearing,2721916,1,vafi
Hearing,2721918,1,vafi
Hearing,2721919,1,vafi
Hearing,2721920,1,vafi
Hearing,2721921,1,vafi
Hearing,2721922,1,vafi
Hearing,2721923,1,vafi
Hearing,2721925,1,vafi
Hearing,2721926,1,vafi
Hearing,2721927,1,vafi
Hearing,2721929,1,vafi
Hearing,2721930,1,vafi
Hearing,2721931,1,vafi
Hearing,2721933,1,vafi
Hearing,2721934,1,vafi
Hearing,2721935,1,vafi
Hearing,2721937,1,vafi
Hearing,2721938,1,vafi
Hearing,2721939,1,vafi
Hearing,2721940,1,vafi
Hearing,2721941,1,vafi
Hearing,2721942,1,vafi
Hearing,2721943,1,vafi
Hearing,2721944,1,vafi
Hearing,2721945,1,vafi
Hearing,2721946,1,vafi
Hearing,2721947,1,vafi
Hearing,2721948,1,vafi
Hearing,2721949,1,vafi
Hearing,2721950,1,vafi
Hearing,2721951,1,vafi
Hearing,2721952,1,vafi
Hearing,2721953,1,vafi
Hearing,2721954,1,vafi
Hearing,2721955,1,vafi
Hearing,2721956,1,vafi
Hearing,2721957,1,vafi
Hearing,2721958,1,vafi
Hearing,2721959,1,vafi
Hearing,2721960,1,vafi
Hearing,2721961,1,vafi
Hearing,2721962,1,vafi
Hearing,2721963,1,vafi
Liver,4092685,1,vafi
Cancer,138074,1,vafi
Cancer,132565,1,vafi
Cancer,133969,1,vafi
Cancer,138351,1,vafi
Cancer,137219,1,vafi
Cancer,132832,1,vafi
Cancer,255192,1,vafi
Cancer,133710,1,vafi
Cancer,4155171,1,vafi
Cancer,256633,1,vafi
Cancer,434587,1,vafi
Cancer,4156114,1,vafi
Cancer,437220,1,vafi
Cancer,436042,1,vafi
Cancer,434289,1,vafi
Cancer,436043,1,vafi
Cancer,437498,1,vafi
Cancer,435478,1,vafi
Cancer,440335,1,vafi
Cancer,140950,1,vafi
Cancer,438982,1,vafi
Cancer,440344,1,vafi
Cancer,140955,1,vafi
Cancer,135750,1,vafi
Cancer,438694,1,vafi
Cancer,254282,1,vafi
Cancer,434285,1,vafi
Cancer,4001170,1,vafi
Cancer,134290,1,vafi
Cancer,134579,1,vafi
Cancer,261808,1,vafi
Cancer,433704,1,vafi
Cancer,439404,1,vafi
Cancer,434588,1,vafi
Cancer,4247836,1,vafi
Cancer,439738,1,vafi
Cancer,433709,1,vafi
Cancer,440047,1,vafi
Cancer,4002498,1,vafi
Cancer,31509,1,vafi
Cancer,438360,1,vafi
Cancer,436643,1,vafi
Cancer,440345,1,vafi
Cancer,439739,1,vafi
Cancer,4003674,1,vafi
Cancer,438691,1,vafi
Cancer,432833,1,vafi
Cancer,441223,1,vafi
Cancer,436344,1,vafi
Cancer,438692,1,vafi
Cancer,438080,1,vafi
Cancer,432558,1,vafi
Cancer,4095312,1,vafi
Cancer,442131,1,vafi
Cancer,435190,1,vafi
Cancer,436922,1,vafi
Cancer,434577,1,vafi
Cancer,435474,1,vafi
Cancer,440044,1,vafi
Cancer,439746,1,vafi
Cancer,28083,1,vafi
Cancer,432254,1,vafi
Cancer,444224,1,vafi
Cancer,432260,1,vafi
Cancer,437805,1,vafi
Cancer,193138,1,vafi
Cancer,25748,1,vafi
Cancer,26638,1,vafi
Cancer,432838,1,vafi
Cancer,435751,1,vafi
Cancer,193422,1,vafi
Cancer,438089,1,vafi
Cancer,192255,1,vafi
Cancer,434292,1,vafi
Cancer,437224,1,vafi
Cancer,197803,1,vafi
Cancer,196044,1,vafi
Cancer,435752,1,vafi
Cancer,436913,1,vafi
Cancer,4311480,1,vafi
Cancer,4094863,1,vafi
Cancer,199747,1,vafi
Cancer,192836,1,vafi
Cancer,432837,1,vafi
Cancer,433143,1,vafi
Cancer,4247719,1,vafi
Cancer,438979,1,vafi
Cancer,432257,1,vafi
Cancer,437798,1,vafi
Cancer,441800,1,vafi
Cancer,436635,1,vafi
Cancer,79740,1,vafi
Cancer,197500,1,vafi
Cancer,438699,1,vafi
Cancer,74582,1,vafi
Cancer,80045,1,vafi
Cancer,436348,1,vafi
Cancer,4003675,1,vafi
Cancer,438090,1,vafi
Cancer,4001171,1,vafi
Cancer,4001664,1,vafi
Cancer,4001172,1,vafi
Cancer,4003021,1,vafi
Cancer,4115271,1,vafi
Cancer,4246127,1,vafi
Cancer,197806,1,vafi
Cancer,40486896,1,vafi
Cancer,441225,1,vafi
Cancer,198695,1,vafi
Cancer,194589,1,vafi
Cancer,440649,1,vafi
Cancer,434293,1,vafi
Cancer,432843,1,vafi
Cancer,433423,1,vafi
Cancer,25486,1,vafi
Cancer,199754,1,vafi
Cancer,192261,1,vafi
Cancer,195482,1,vafi
Cancer,193418,1,vafi
Cancer,4179720,1,vafi
Cancer,435485,1,vafi
Cancer,438367,1,vafi
Cancer,4247336,1,vafi
Cancer,137800,1,vafi
Cancer,140046,1,vafi
Cancer,132258,1,vafi
Cancer,136639,1,vafi
Cancer,259748,1,vafi
Cancer,253977,1,vafi
Cancer,4054513,1,vafi
Cancer,260336,1,vafi
Cancer,261514,1,vafi
Cancer,259755,1,vafi
Cancer,436352,1,vafi
Cancer,22839,1,vafi
Cancer,26052,1,vafi
Cancer,432262,1,vafi
Cancer,256646,1,vafi
Cancer,438368,1,vafi
Cancer,316644,1,vafi
Cancer,432844,1,vafi
Cancer,435487,1,vafi
Cancer,438693,1,vafi
Cancer,78093,1,vafi
Cancer,321234,1,vafi
Cancer,252840,1,vafi
Cancer,4334322,1,vafi
Cancer,4246802,1,vafi
Cancer,379756,1,vafi
Cancer,75488,1,vafi
Cancer,438977,1,vafi
Cancer,4246141,1,vafi
Cancer,76914,1,vafi
Cancer,4089860,1,vafi
Cancer,136915,1,vafi
Cancer,4095592,1,vafi
Cancer,4157456,1,vafi
Cancer,133419,1,vafi
Cancer,139750,1,vafi
Cancer,141232,1,vafi
Cancer,4111917,1,vafi
Cancer,4001666,1,vafi
Cancer,4032870,1,vafi
Cancer,4033891,1,vafi
Cancer,258981,1,vafi
Cancer,375479,1,vafi
Cancer,140958,1,vafi
Cancer,312846,1,vafi
Cancer,434584,1,vafi
Cancer,4095892,1,vafi
Cancer,4094262,1,vafi
Cancer,4091621,1,vafi
Cancer,4097284,1,vafi
Cancer,4003179,1,vafi
Cancer,4002343,1,vafi
Cancer,4094260,1,vafi
Cancer,198091,1,vafi
Cancer,197799,1,vafi
Cancer,198092,1,vafi
Cancer,4114222,1,vafi
Cancer,439392,1,vafi
Cancer,4312698,1,vafi
Cancer,4092358,1,vafi
Cancer,4095018,1,vafi
Cancer,201231,1,vafi
Cancer,376647,1,vafi
Cancer,378081,1,vafi
Cancer,437501,1,vafi
Cancer,441802,1,vafi
Cancer,197225,1,vafi
Cancer,4003029,1,vafi
Cancer,195197,1,vafi
Cancer,196048,1,vafi
Cancer,441805,1,vafi
Cancer,436358,1,vafi
Cancer,4092515,1,vafi
Cancer,196359,1,vafi
Cancer,192847,1,vafi
Cancer,4247238,1,vafi
Cancer,4247842,1,vafi
Cancer,4095748,1,vafi
Cancer,198082,1,vafi
Cancer,4162860,1,vafi
Cancer,45770892,1,vafi
Cancer,196047,1,vafi
Cancer,200052,1,vafi
Cancer,201238,1,vafi
Cancer,196051,1,vafi
Cancer,4131761,1,vafi
Cancer,440339,1,vafi
Cancer,438370,1,vafi
Cancer,79749,1,vafi
Cancer,4003027,1,vafi
Cancer,195483,1,vafi
Cancer,200962,1,vafi
Cancer,79758,1,vafi
Cancer,197507,1,vafi
Cancer,196645,1,vafi
Cancer,435484,1,vafi
Cancer,42709931,1,vafi
Cancer,73153,1,vafi
Cancer,196360,1,vafi
Cancer,77812,1,vafi
Cancer,40650479,1,vafi
Cancer,436923,1,vafi
Cancer,76924,1,vafi
Cancer,201517,1,vafi
Cancer,4095168,1,vafi
Cancer,196049,1,vafi
Cancer,200963,1,vafi
Cancer,4091486,1,vafi
Cancer,76349,1,vafi
Cancer,436926,1,vafi
Cancer,134295,1,vafi
Cancer,4002340,1,vafi
Cancer,4091490,1,vafi
Cancer,441233,1,vafi
Cancer,433976,1,vafi
Cancer,438086,1,vafi
Cancer,432559,1,vafi
Cancer,432848,1,vafi
Cancer,433149,1,vafi
Cancer,441806,1,vafi
Cancer,4003693,1,vafi
Cancer,380055,1,vafi
Cancer,135491,1,vafi
Cancer,4246029,1,vafi
Cancer,4247822,1,vafi
Cancer,133424,1,vafi
Cancer,139753,1,vafi
Cancer,24296,1,vafi
Cancer,442134,1,vafi
Cancer,26361,1,vafi
Cancer,27235,1,vafi
Cancer,442122,1,vafi
Cancer,4130672,1,vafi
Cancer,133420,1,vafi
Cancer,80665,1,vafi
Cancer,197506,1,vafi
Cancer,198988,1,vafi
Cancer,318096,1,vafi
Cancer,439751,1,vafi
Cancer,192568,1,vafi
Cancer,434298,1,vafi
Cancer,442182,1,vafi
Cancer,200959,1,vafi
Cancer,320342,1,vafi
Cancer,434875,1,vafi
Cancer,72266,1,vafi
Cancer,198371,1,vafi
Cancer,200348,1,vafi
Cancer,196925,1,vafi
Cancer,198700,1,vafi
Cancer,136354,1,vafi
Cancer,438701,1,vafi
Cancer,4288751,1,vafi
Cancer,4003836,1,vafi
Cancer,4003834,1,vafi
Cancer,4038846,1,vafi
Cancer,4147164,1,vafi
Cancer,75512,1,vafi
Cancer,4241890,1,vafi
Cancer,75210,1,vafi
Cancer,4033835,1,vafi
Cancer,4098922,1,vafi
Cancer,4031756,1,vafi
Cancer,4241777,1,vafi
Cancer,200970,1,vafi
Cancer,135214,1,vafi
Anemia,37119138,1,vafi
Anemia,436659,1,vafi
Anemia,432588,1,vafi
Anemia,4098740,1,vafi
Anemia,4029726,1,vafi
Anemia,4147491,1,vafi
Anemia,4021911,1,vafi
Anemia,4143351,1,vafi
Anemia,440977,1,vafi
Anemia,444289,1,vafi
Anemia,435789,1,vafi
Anemia,4101573,1,vafi
Anemia,4280354,1,vafi
Anemia,4269764,1,vafi
Anemia,23988,1,vafi
Anemia,444238,1,vafi
Anemia,4098747,1,vafi
Anemia,4287844,1,vafi
Anemia,4278669,1,vafi
Anemia,4038772,1,vafi
Anemia,4023612,1,vafi
Anemia,4098015,1,vafi
Anemia,30978,1,vafi
Anemia,30683,1,vafi
Anemia,25518,1,vafi
Anemia,24909,1,vafi
Anemia,22288,1,vafi
Anemia,432868,1,vafi
Anemia,28396,1,vafi
Anemia,4146936,1,vafi
Anemia,4218100,1,vafi
Anemia,197253,1,vafi
Anemia,437834,1,vafi
Anemia,4024671,1,vafi
Anemia,434616,1,vafi
Anemia,440979,1,vafi
Anemia,4234973,1,vafi
Anemia,4098028,1,vafi
Anemia,4125496,1,vafi
Anemia,4146088,1,vafi
Anemia,137829,1,vafi
Anemia,4098145,1,vafi
Anemia,434894,1,vafi
Anemia,441258,1,vafi
Anemia,437247,1,vafi
Anemia,40599994,1,vafi
Anemia,4101584,1,vafi
Anemia,4101000,1,vafi
Anemia,432282,1,vafi
Anemia,4204062,1,vafi
Anemia,439777,1,vafi
Thyroid,138384,1,vafi
Thyroid,4130027,1,vafi
Thyroid,37016342,1,vafi
Thyroid,4030049,1,vafi
Thyroid,4130023,1,vafi
Thyroid,140673,1,vafi
Thyroid,133737,1,vafi
Thyroid,132579,1,vafi
Thyroid,4129364,1,vafi
Thyroid,4281109,1,vafi
Thyroid,4130020,1,vafi
Thyroid,137520,1,vafi
Thyroid,133444,1,vafi
Thyroid,4182870,1,vafi
Thyroid,141253,1,vafi
Diabetes,443412,1,vafi
Diabetes,442793,1,vafi
Diabetes,4193704,1,vafi
Diabetes,201820,1,vafi
Diabetes,4008576,1,vafi
Thyroid,31821,1,vafi
Thyroid,137820,1,vafi
Dementia,36712678,1,vafi
Dementia,373995,1,vafi
Dementia,373175,1,vafi
Anxiety,381537,1,vafi
Dementia,374009,1,vafi
Depress,35610112,1,vafi
Depress,4333677,1,vafi
Depress,443237,1,vafi
Depress,4150985,1,vafi
Depress,439256,1,vafi
Depress,439254,1,vafi
Depress,35622934,1,vafi
Depress,436665,1,vafi
Depress,4195572,1,vafi
Depress,4049623,1,vafi
Depress,441534,1,vafi
Depress,438406,1,vafi
Depress,4282096,1,vafi
Depress,4228802,1,vafi
Depress,4077577,1,vafi
Depress,435220,1,vafi
Depress,434911,1,vafi
Depress,4098302,1,vafi
Depress,4282316,1,vafi
Depress,433440,1,vafi
Depress,444100,1,vafi
Anxiety,4211231,1,vafi
Anxiety,434613,1,vafi
Anxiety,442077,1,vafi
Anxiety,444259,1,vafi
Anxiety,444079,1,vafi
Anxiety,4077963,1,vafi
Anxiety,4049367,1,vafi
Anxiety,4269569,1,vafi
Anxiety,441838,1,vafi
Anxiety,4039212,1,vafi
Dementia,374341,1,vafi
PerNeuro,378420,1,vafi
PerNeuro,4031170,1,vafi
Dementia,4031170,1,vafi
PD,381270,1,vafi
PD,374013,1,vafi
PD,4064308,1,vafi
PD,4046093,1,vafi
PD,43531003,1,vafi
PD,4151937,1,vafi
PD,443782,1,vafi
Dementia,4218017,1,vafi
Dementia,4220313,1,vafi
Dementia,378419,1,vafi
Dementia,373179,1,vafi
Dementia,37016176,1,vafi
CVA,4048785,1,vafi
CVA,4112020,1,vafi
CVA,381036,1,vafi
CVA,4338523,1,vafi
CVA,373503,1,vafi
CVA,4110194,1,vafi
CVA,4108360,1,vafi
CVA,4110195,1,vafi
CVA,4111710,1,vafi
CVA,4111711,1,vafi
CVA,4045737,1,vafi
CVA,4045738,1,vafi
CVA,4046360,1,vafi
CVA,381591,1,vafi
PerNeuro,380394,1,vafi
PerNeuro,375806,1,vafi
PerNeuro,4105020,1,vafi
PerNeuro,381551,1,vafi
PerNeuro,378421,1,vafi
PerNeuro,373470,1,vafi
PerNeuro,376686,1,vafi
Fatigue,4202045,1,vafi
Dementia,372887,1,vafi
PerNeuro,4080146,1,vafi
Vision,437541,1,vafi
Vision,436972,1,vafi
Vision,374034,1,vafi
Vision,4147638,1,vafi
Vision,4023310,1,vafi
Hearing,4110815,1,vafi
Hearing,374366,1,vafi
Hearing,436421,1,vafi
Hearing,379832,1,vafi
Hearing,381306,1,vafi
HTN,320128,1,vafi
HF,444101,1,vafi
HTN,444101,1,vafi
HTN,319034,1,vafi
HTN,443919,1,vafi
HTN,44782429,1,vafi
HF,439696,1,vafi
HTN,439696,1,vafi
HTN,44784621,1,vafi
HTN,317895,1,vafi
HTN,443771,1,vafi
HTN,4110948,1,vafi
HTN,319826,1,vafi
CAD,315296,1,vafi
CAD,4296653,1,vafi
CAD,4270024,1,vafi
CAD,4108677,1,vafi
CAD,4108218,1,vafi
CAD,45766114,1,vafi
CAD,4108678,1,vafi
CAD,438172,1,vafi
CAD,4119953,1,vafi
CAD,4108679,1,vafi
CAD,4108219,1,vafi
CAD,4108220,1,vafi
CAD,4108680,1,vafi
CAD,433128,1,vafi
CAD,4108215,1,vafi
CAD,37311078,1,vafi
CAD,319844,1,vafi
CAD,314666,1,vafi
CAD,438168,1,vafi
CAD,4110961,1,vafi
CAD,4124683,1,vafi
CAD,315286,1,vafi
AFIB,4154290,1,vafi
HF,439846,1,vafi
CAD,4108950,1,vafi
CAD,438171,1,vafi
CVA,4148906,1,vafi
CVA,43530727,1,vafi
CVA,4049659,1,vafi
CVA,4176892,1,vafi
CVA,42535425,1,vafi
CVA,4319328,1,vafi
CVA,43530674,1,vafi
CVA,4144154,1,vafi
CVA,4110186,1,vafi
CVA,4111714,1,vafi
CVA,4159164,1,vafi
CVA,43022059,1,vafi
CVA,255919,1,vafi
CVA,443239,1,vafi
CVA,4112024,1,vafi
CVA,372924,1,vafi
PVD,37016924,1,vafi
CVA,316437,1,vafi
PVD,312934,1,vafi
Kidney,195834,1,vafi
PVD,195834,1,vafi
PVD,40479625,1,vafi
PVD,441875,1,vafi
PVD,441051,1,vafi
PVD,195559,1,vafi
PVD,321314,1,vafi
PVD,433222,1,vafi
PVD,436996,1,vafi
PVD,312343,1,vafi
PVD,317585,1,vafi
PVD,4121629,1,vafi
PVD,438778,1,vafi
PVD,194385,1,vafi
PVD,196433,1,vafi
PVD,432933,1,vafi
PVD,312336,1,vafi
PVD,4332246,1,vafi
PVD,312939,1,vafi
PVD,321052,1,vafi
PVD,314965,1,vafi
PVD,444264,1,vafi
PVD,312337,1,vafi
PVD,4234480,1,vafi
PVD,317305,1,vafi
PVD,321886,1,vafi
PVD,37204824,1,vafi
PVD,194393,1,vafi
PVD,319047,1,vafi
PVD,314659,1,vafi
PVD,321887,1,vafi
PVD,4324395,1,vafi
PVD,443784,1,vafi
PVD,313219,1,vafi
PVD,199837,1,vafi
PVD,196715,1,vafi
PVD,439838,1,vafi
PVD,193512,1,vafi
Lung,256451,1,vafi
Lung,261889,1,vafi
Lung,257905,1,vafi
Lung,4112826,1,vafi
Lung,255841,1,vafi
Lung,4163244,1,vafi
Lung,4177944,1,vafi
Lung,4286497,1,vafi
Lung,261325,1,vafi
Lung,4110056,1,vafi
Lung,257004,1,vafi
Lung,255573,1,vafi
Lung,4311814,1,vafi
Lung,4027669,1,vafi
Lung,4302900,1,vafi
Lung,320136,1,vafi
Lung,435298,1,vafi
Lung,437588,1,vafi
Lung,439853,1,vafi
Lung,443890,1,vafi
Lung,434975,1,vafi
Lung,433233,1,vafi
Lung,438175,1,vafi
Lung,434670,1,vafi
Lung,444084,1,vafi
Lung,4057432,1,vafi
Lung,261895,1,vafi
PVD,199064,1,vafi
PVD,4134603,1,vafi
Liver,193256,1,vafi
Liver,4340385,1,vafi
Liver,201612,1,vafi
Liver,4058694,1,vafi
Liver,4059297,1,vafi
Liver,4059298,1,vafi
Liver,4055225,1,vafi
Liver,4058695,1,vafi
Liver,4055224,1,vafi
Liver,199867,1,vafi
Liver,4238978,1,vafi
Liver,4026125,1,vafi
Liver,200763,1,vafi
Liver,4340394,1,vafi
Liver,4340948,1,vafi
Liver,4135822,1,vafi
Liver,4046123,1,vafi
Liver,192675,1,vafi
Liver,4340941,1,vafi
Liver,4313846,1,vafi
Liver,200762,1,vafi
Liver,194990,1,vafi
Liver,4059290,1,vafi
Liver,200451,1,vafi
Liver,4058696,1,vafi
Liver,194417,1,vafi
Liver,4240725,1,vafi
PVD,4277276,1,vafi
Liver,192680,1,vafi
Liver,194984,1,vafi
Arthritis,4344166,1,vafi
Arthritis,74125,1,vafi
Arthritis,440674,1,vafi
Arthritis,4155797,1,vafi
Arthritis,4066493,1,vafi
Arthritis,4116450,1,vafi
Arthritis,4116451,1,vafi
Arthritis,80180,1,vafi
Arthritis,4079749,1,vafi
Arthritis,46273178,1,vafi
Arthritis,4079750,1,vafi
Arthritis,4242103,1,vafi
Arthritis,4343935,1,vafi
Arthritis,4290976,1,vafi
PVD,4039691,1,vafi
Arthritis,255348,1,vafi
Chronpain,134736,1,vafi
Chronpain,40405599,1,vafi
Osteo,4004623,1,vafi
Kidney,4056474,1,vafi
Kidney,4058988,1,vafi
Kidney,4058989,1,vafi
Kidney,4059457,1,vafi
Kidney,4058990,1,vafi
Kidney,4056475,1,vafi
Kidney,4058991,1,vafi
Kidney,4059458,1,vafi
Kidney,4054993,1,vafi
Kidney,4056479,1,vafi
Kidney,46270347,1,vafi
Kidney,4056462,1,vafi
Kidney,4059463,1,vafi
Kidney,4059584,1,vafi
Kidney,4055899,1,vafi
Kidney,4056480,1,vafi
Kidney,4059452,1,vafi
Kidney,443614,1,vafi
Kidney,443601,1,vafi
Kidney,443612,1,vafi
Kidney,443611,1,vafi
Kidney,46271022,1,vafi
Kidney,192359,1,vafi
Kidney,197921,1,vafi
Kidney,438476,1,vafi
Kidney,193519,1,vafi
Incont,195007,1,vafi
GaitAb,4096848,1,vafi
GaitAb,4248196,1,vafi
GaitAb,36714126,1,vafi
GaitAb,437584,1,vafi
GaitAb,441417,1,vafi
Falls,4059015,1,vafi
Incont,197672,1,vafi
Dementia,4152347,1,vafi
Dementia,4229897,1,vafi
Dementia,4229448,1,vafi
Dementia,4198081,1,vafi
Dementia,439147,1,vafi
Dementia,4090207,1,vafi
Muscular,442165,1,vafi
WgtLoss,435928,1,vafi
WgtLoss,435372,1,vafi
Muscular,134765,1,vafi
Kidney,42539502,1,vafi
CAD,42537730,1,vafi
Kidney,4019967,1,vafi
Cancer,4170421,1,vafi
Cancer,40486465,1,vafi
Cancer,40492266,1,vafi
Cancer,40492267,1,vafi
Cancer,40490328,1,vafi
Diabetes,380097,1,vafi
Diabetes,195771,1,vafi
Diabetes,35626038,1,vafi
Diabetes,35626039,1,vafi
Diabetes,378743,1,vafi
Diabetes,35626041,1,vafi
Diabetes,35626042,1,vafi
Diabetes,37016358,1,vafi
Diabetes,35626043,1,vafi
Diabetes,35626044,1,vafi
Diabetes,4290822,1,vafi
Diabetes,4266637,1,vafi
Diabetes,4255401,1,vafi
Diabetes,4252356,1,vafi
Diabetes,380096,1,vafi
Diabetes,4338901,1,vafi
Diabetes,4212441,1,vafi
Diabetes,4215961,1,vafi
Diabetes,35626067,1,vafi
Diabetes,35626068,1,vafi
Diabetes,4202383,1,vafi
Diabetes,37016356,1,vafi
Diabetes,45757435,1,vafi
Diabetes,45770881,1,vafi
Diabetes,43530656,1,vafi
Diabetes,43530685,1,vafi
Diabetes,45770830,1,vafi
Diabetes,45773064,1,vafi
Diabetes,377552,1,vafi
Depress,440383,1,vafi
Depress,37396201,1,vafi
Vision,372629,1,vafi
Vision,376966,1,vafi
Vision,435262,1,vafi
Vision,376981,1,vafi
CVA,4110189,1,vafi
CVA,4273526,1,vafi
CVA,4311124,1,vafi
CVA,4110190,1,vafi
CVA,4274969,1,vafi
CVA,4213731,1,vafi
CVA,46270031,1,vafi
CVA,313226,1,vafi
CVA,4043731,1,vafi
CVA,45767658,1,vafi
CVA,4110192,1,vafi
CVA,45772786,1,vafi
CVA,4108356,1,vafi
CVA,40482301,1,vafi
Dementia,40482301,1,vafi
PVD,4117771,1,vafi
PVD,4180026,1,vafi
PVD,46272492,1,vafi
PVD,37016888,1,vafi
PVD,37016886,1,vafi
PVD,37016885,1,vafi
PVD,4340375,1,vafi
PVD,201894,1,vafi
PVD,4319280,1,vafi
PVD,4136809,1,vafi
Arthritis,4294300,1,vafi
Falls,440825,1,vafi
Incont,4126278,1,vafi
Falls,4177069,1,vafi
Falls,40490826,1,vafi
Falls,36717462,1,vafi
Falls,45757331,1,vafi
Falls,45757332,1,vafi
Falls,36715597,1,vafi
Falls,36715598,1,vafi
DuraMed,40217133,1,vafi
DuraMed,40217378,1,vafi
DuraMed,40217379,1,vafi
DuraMed,40217380,1,vafi
DuraMed,40217383,1,vafi
DuraMed,40217407,1,vafi
DuraMed,40217408,1,vafi
DuraMed,40217486,1,vafi
DuraMed,40217487,1,vafi
DuraMed,40217514,1,vafi
DuraMed,40217516,1,vafi
DuraMed,40217517,1,vafi
DuraMed,40217518,1,vafi
DuraMed,40217519,1,vafi
DuraMed,40217520,1,vafi
DuraMed,40217521,1,vafi
DuraMed,40217522,1,vafi
DuraMed,40217523,1,vafi
DuraMed,40217524,1,vafi
DuraMed,40217525,1,vafi
DuraMed,40217526,1,vafi
DuraMed,40217533,1,vafi
DuraMed,40217534,1,vafi
DuraMed,40217535,1,vafi
DuraMed,40217536,1,vafi
DuraMed,40217537,1,vafi
DuraMed,40217538,1,vafi
DuraMed,40217539,1,vafi
DuraMed,40217540,1,vafi
DuraMed,40217541,1,vafi
DuraMed,40217542,1,vafi
DuraMed,40217544,1,vafi
DuraMed,40217680,1,vafi
DuraMed,40659758,1,vafi
CVA,40662383,1,vafi
CAD,40663264,1,vafi
DuraMed,40664438,1,vafi
DuraMed,40664490,1,vafi
DuraMed,40664559,1,vafi
DuraMed,40664575,1,vafi
DuraMed,40664608,1,vafi
DuraMed,40664609,1,vafi
Cancer,40664624,1,vafi
CVA,40664646,1,vafi
DuraMed,40664650,1,vafi
DuraMed,40664651,1,vafi
DuraMed,40664663,1,vafi
Anemia,40664666,1,vafi
DuraMed,40664688,1,vafi
HF,40664695,1,vafi
DuraMed,40664704,1,vafi
DuraMed,40664724,1,vafi
HTN,40664748,1,vafi
CVA,40664788,1,vafi
HF,40664797,1,vafi
DuraMed,40664814,1,vafi
DuraMed,40664841,1,vafi
Cancer,40664869,1,vafi
Cancer,40664870,1,vafi
DuraMed,40664880,1,vafi
CAD,40756830,1,vafi
PVD,40756856,1,vafi
PVD,40756997,1,vafi
PVD,40757057,1,vafi
PVD,40757135,1,vafi
Kidney,42738339,1,vafi
Kidney,42738679,1,vafi
CAD,42738799,1,vafi
Kidney,42739840,1,vafi
Kidney,42739891,1,vafi
Dementia,42742415,1,vafi
Dementia,42742416,1,vafi
Dementia,42742417,1,vafi
HF,42742422,1,vafi
HF,42742425,1,vafi
HF,42742426,1,vafi
HTN,42742439,1,vafi
CAD,43527908,1,vafi
CAD,43527909,1,vafi
CAD,43527994,1,vafi
CAD,43527995,1,vafi
CAD,43527996,1,vafi
CAD,43527997,1,vafi
CAD,43527998,1,vafi
CAD,43527999,1,vafi
CAD,43528000,1,vafi
CAD,43528001,1,vafi
CAD,43528002,1,vafi
CAD,43528003,1,vafi
CAD,43528004,1,vafi
AFIB,43528008,1,vafi
AFIB,43528009,1,vafi
CAD,43533186,1,vafi
CAD,43533187,1,vafi
Anemia,43533195,1,vafi
CAD,43533223,1,vafi
Cancer,43533226,1,vafi
HF,43533228,1,vafi
Cancer,43533238,1,vafi
CAD,43533242,1,vafi
DuraMed,43533244,1,vafi
CAD,43533247,1,vafi
CAD,43533248,1,vafi
HF,43533258,1,vafi
Lung,43533319,1,vafi
Cancer,43533341,1,vafi
CAD,43533352,1,vafi
CAD,43533353,1,vafi
CAD,43533354,1,vafi
Anemia,43533376,1,vafi
DuraMed,44782025,1,vafi
DuraMed,44782154,1,vafi
DuraMed,44782155,1,vafi
DuraMed,44782167,1,vafi
DuraMed,44782205,1,vafi
DuraMed,44782206,1,vafi
DuraMed,44782207,1,vafi
DuraMed,44782208,1,vafi
DuraMed,44782209,1,vafi
DuraMed,44782210,1,vafi
DuraMed,44782211,1,vafi
DuraMed,44782212,1,vafi
DuraMed,44782213,1,vafi
DuraMed,44782214,1,vafi
DuraMed,44782215,1,vafi
DuraMed,44782216,1,vafi
DuraMed,44782217,1,vafi
DuraMed,44782218,1,vafi
DuraMed,44782219,1,vafi
DuraMed,44782220,1,vafi
DuraMed,44782221,1,vafi
DuraMed,44782222,1,vafi
DuraMed,44782223,1,vafi
Depress,44786399,1,vafi
Depress,44786400,1,vafi
CVA,44786462,1,vafi
CVA,44786463,1,vafi
Cancer,44786494,1,vafi
DuraMed,44786575,1,vafi
DuraMed,44786577,1,vafi
PVD,44816356,1,vafi
PVD,44816357,1,vafi
PVD,44816390,1,vafi
PVD,44816391,1,vafi
PVD,44816392,1,vafi
PVD,44816393,1,vafi
PVD,44816394,1,vafi
PVD,44816395,1,vafi
PVD,44816396,1,vafi
PVD,44816397,1,vafi
PVD,44816398,1,vafi
PVD,44816399,1,vafi
PVD,44816400,1,vafi
PVD,44816454,1,vafi
PVD,44816455,1,vafi
PVD,44816456,1,vafi
PVD,44816457,1,vafi
PVD,44816458,1,vafi
PVD,44816459,1,vafi
PVD,44816460,1,vafi
CAD,44816484,1,vafi
Cancer,257503,1,vafi
Cancer,4335883,1,vafi
Cancer,4299418,1,vafi
Cancer,4298028,1,vafi
Cancer,4112752,1,vafi
Cancer,432845,1,vafi
Cancer,135489,1,vafi
Cancer,200051,1,vafi
Cancer,441520,1,vafi
Cancer,433716,1,vafi
Cancer,80340,1,vafi
Cancer,200054,1,vafi
Cancer,373151,1,vafi
Cancer,378696,1,vafi
Cancer,372567,1,vafi
Cancer,4162115,1,vafi
Cancer,373425,1,vafi
Cancer,432851,1,vafi
Cancer,45767695,1,vafi
Cancer,314600,1,vafi
Cancer,438703,1,vafi
Cancer,438698,1,vafi
Cancer,4002357,1,vafi
Cancer,45765770,1,vafi
Cancer,441521,1,vafi
Cancer,4003833,1,vafi
Cancer,200349,1,vafi
Cancer,4301668,1,vafi
Cancer,435492,1,vafi
Cancer,320347,1,vafi
Cancer,4003830,1,vafi
Cancer,440058,1,vafi
Cancer,4225982,1,vafi
Cancer,195195,1,vafi
Cancer,4082487,1,vafi
Cancer,4173974,1,vafi
Cancer,140352,1,vafi
Cancer,140967,1,vafi
Cancer,4002497,1,vafi
Cancer,40481524,1,vafi
Cancer,40483761,1,vafi
Cancer,4002496,1,vafi
Cancer,140057,1,vafi
Anemia,4120455,1,vafi
Anemia,4146087,1,vafi
Diabetes,192279,1,vafi
Diabetes,4033942,1,vafi
Diabetes,4234742,1,vafi
Diabetes,4114427,1,vafi
Diabetes,443733,1,vafi
Diabetes,4140466,1,vafi
Diabetes,443729,1,vafi
PVD,443729,1,vafi
Diabetes,4222876,1,vafi
PVD,4222876,1,vafi
Diabetes,4131908,1,vafi
PVD,4131908,1,vafi
Diabetes,4029423,1,vafi
Vision,376115,1,vafi
Vision,437273,1,vafi
Vision,432312,1,vafi
Vision,440396,1,vafi
Vision,436110,1,vafi
Vision,436398,1,vafi
Vision,4246656,1,vafi
Vision,381847,1,vafi
Hearing,43021779,1,vafi
CAD,46270163,1,vafi
CAD,36712983,1,vafi
CAD,37312532,1,vafi
HF,319835,1,vafi
HF,40479576,1,vafi
HF,40482727,1,vafi
CVA,4108952,1,vafi
CVA,4112023,1,vafi
CVA,4164092,1,vafi
CVA,443599,1,vafi
CVA,40481842,1,vafi
CVA,434056,1,vafi
CVA,40482266,1,vafi
CVA,43530742,1,vafi
CVA,40479575,1,vafi
CVA,443525,1,vafi
CVA,443609,1,vafi
CVA,40480938,1,vafi
PVD,37110250,1,vafi
PVD,40483538,1,vafi
PVD,317577,1,vafi
PVD,40484541,1,vafi
PVD,40484551,1,vafi
PVD,4316222,1,vafi
PVD,4325344,1,vafi
PVD,4171556,1,vafi
PVD,4132130,1,vafi
PVD,438452,1,vafi
PVD,4111861,1,vafi
PVD,44782747,1,vafi
PVD,44782743,1,vafi
PVD,43531681,1,vafi
PVD,40481089,1,vafi
PVD,4258295,1,vafi
PVD,46273489,1,vafi
PVD,44782754,1,vafi
PVD,44782741,1,vafi
PVD,44782759,1,vafi
PVD,44782752,1,vafi
CVA,40479572,1,vafi
Lung,46270492,1,vafi
Liver,40484532,1,vafi
Arthritis,4114439,1,vafi
Arthritis,81097,1,vafi
Arthritis,4117687,1,vafi
Arthritis,4116150,1,vafi
Arthritis,4271003,1,vafi
Arthritis,319825,1,vafi
Arthritis,4116440,1,vafi
Arthritis,4115161,1,vafi
Arthritis,4107913,1,vafi
Arthritis,4116151,1,vafi
Arthritis,4102493,1,vafi
PerNeuro,4102493,1,vafi
Arthritis,42534835,1,vafi
Arthritis,4084229,1,vafi
Arthritis,4035438,1,vafi
Arthritis,4035436,1,vafi
Arthritis,72994,1,vafi
Arthritis,72401,1,vafi
Arthritis,77073,1,vafi
Arthritis,81382,1,vafi
Arthritis,4117722,1,vafi
Arthritis,76196,1,vafi
Arthritis,4116928,1,vafi
Arthritis,40483262,1,vafi
Arthritis,44784340,1,vafi
Arthritis,4205509,1,vafi
Arthritis,4159739,1,vafi
Arthritis,4197477,1,vafi
Arthritis,75036,1,vafi
Arthritis,80802,1,vafi
Arthritis,4035441,1,vafi
Arthritis,46270472,1,vafi
Arthritis,46270438,1,vafi
Arthritis,46270440,1,vafi
Arthritis,46270453,1,vafi
Arthritis,46270412,1,vafi
Arthritis,46270465,1,vafi
Arthritis,46270466,1,vafi
Arthritis,46270467,1,vafi
Arthritis,46270425,1,vafi
Arthritis,4299408,1,vafi
Arthritis,46272381,1,vafi
Arthritis,4116008,1,vafi
Osteo,4222001,1,vafi
Muscular,78236,1,vafi
Osteo,438021,1,vafi
Osteo,45767040,1,vafi
Osteo,45767037,1,vafi
Osteo,45757320,1,vafi
Osteo,4050692,1,vafi
Osteo,197150,1,vafi
Falls,40441585,1,vafi
Falls,40305987,1,vafi
Falls,45771402,1,vafi
Falls,45766813,1,vafi
Falls,75634,1,vafi
Falls,45766818,1,vafi
Falls,438021,1,vafi
Falls,73574,1,vafi
Falls,45771403,1,vafi
Falls,4122189,1,vafi
Falls,40482293,1,vafi
Falls,40484013,1,vafi
Falls,197150,1,vafi
Falls,45766823,1,vafi
Falls,45771401,1,vafi
Cancer,443460,1,vafi
Incont,197378,1,vafi
Dementia,37396726,1,vafi
Fatigue,4223659,1,vafi
Falls,4017107,1,vafi
Falls,4134162,1,vafi
Falls,77405,1,vafi
Falls,45767635,1,vafi
Falls,4008519,1,vafi
Falls,45767095,1,vafi
Falls,45767664,1,vafi
Falls,45767650,1,vafi
Falls,45767662,1,vafi
Falls,81696,1,vafi
Falls,46273403,1,vafi
Falls,75943,1,vafi
Falls,80861,1,vafi
Falls,4113009,1,vafi
Falls,77129,1,vafi
Falls,4136722,1,vafi
Falls,4129406,1,vafi
Falls,437117,1,vafi
Falls,4049121,1,vafi
Falls,44788773,1,vafi
Falls,437692,1,vafi
Falls,432473,1,vafi
Falls,435956,1,vafi
Falls,4009606,1,vafi
Falls,45767653,1,vafi
Falls,4170313,1,vafi
Falls,4173673,1,vafi
Falls,45772782,1,vafi
Falls,440863,1,vafi
Falls,136834,1,vafi
Falls,4053590,1,vafi
Falls,4307254,1,vafi
Falls,4138412,1,vafi
Falls,441749,1,vafi
Falls,437175,1,vafi
Cancer,4033318,1,vafi
Cancer,136917,1,vafi
Cancer,4298026,1,vafi
Cancer,4111921,1,vafi
Cancer,133147,1,vafi
Cancer,436353,1,vafi
Cancer,4188545,1,vafi
Cancer,441513,1,vafi
Cancer,4003684,1,vafi
Cancer,195480,1,vafi
Cancer,375490,1,vafi
Cancer,374874,1,vafi
Cancer,46270513,1,vafi
Cancer,78987,1,vafi
Cancer,4312290,1,vafi
Cancer,37018875,1,vafi
Cancer,199760,1,vafi
Cancer,315763,1,vafi
Cancer,442160,1,vafi
Cancer,141243,1,vafi
Cancer,435753,1,vafi
Cancer,4001329,1,vafi
Cancer,132841,1,vafi
Cancer,200343,1,vafi
Cancer,40486171,1,vafi
Cancer,439293,1,vafi
Cancer,192560,1,vafi
Cancer,439266,1,vafi
Cancer,4299149,1,vafi
Cancer,40488896,1,vafi
Cancer,434592,1,vafi
Cancer,40481357,1,vafi
Cancer,4038838,1,vafi
Cancer,4216139,1,vafi
Cancer,4079683,1,vafi
Cancer,4173963,1,vafi
Cancer,140666,1,vafi
Cancer,4189938,1,vafi
Cancer,4093960,1,vafi
Cancer,81250,1,vafi
Cancer,442111,1,vafi
Cancer,444444,1,vafi
Anemia,134315,1,vafi
Thyroid,135778,1,vafi
Thyroid,133436,1,vafi
Diabetes,4095288,1,vafi
Diabetes,37110593,1,vafi
Arthritis,4152858,1,vafi
Diabetes,37016768,1,vafi
Diabetes,321822,1,vafi
Dementia,4182210,1,vafi
Depress,443797,1,vafi
Depress,437528,1,vafi
Depress,4009648,1,vafi
Anxiety,36684319,1,vafi
Depress,36684319,1,vafi
Dementia,4043378,1,vafi
PerNeuro,4180770,1,vafi
CVA,433195,1,vafi
Vision,4201531,1,vafi
Vision,441561,1,vafi
Vision,436975,1,vafi
Vision,435543,1,vafi
Vision,764524,1,vafi
Vision,4191001,1,vafi
Vision,765692,1,vafi
Vision,433768,1,vafi
Vision,374037,1,vafi
Vision,4109116,1,vafi
CAD,37115756,1,vafi
CAD,40482638,1,vafi
CAD,321318,1,vafi
CAD,4127089,1,vafi
CAD,40482655,1,vafi
CAD,40481132,1,vafi
CVA,46273649,1,vafi
CVA,45773220,1,vafi
CVA,372654,1,vafi
CVA,443551,1,vafi
CVA,43530687,1,vafi
CVA,443465,1,vafi
CVA,197303,1,vafi
PVD,36717279,1,vafi
PVD,197304,1,vafi
PVD,443358,1,vafi
PVD,442774,1,vafi
PVD,443593,1,vafi
PVD,74719,1,vafi
PVD,46273522,1,vafi
PVD,134380,1,vafi
PVD,4170620,1,vafi
PVD,432656,1,vafi
PVD,37016191,1,vafi
PVD,440738,1,vafi
PVD,435565,1,vafi
PVD,4149782,1,vafi
PVD,44782421,1,vafi
PVD,44782755,1,vafi
Liver,46269816,1,vafi
Arthritis,4116441,1,vafi
Arthritis,37395590,1,vafi
Arthritis,46273162,1,vafi
Arthritis,4142899,1,vafi
Arthritis,4247084,1,vafi
Arthritis,40490497,1,vafi
Arthritis,46270460,1,vafi
Arthritis,46270464,1,vafi
Arthritis,40482933,1,vafi
Arthritis,40482890,1,vafi
Arthritis,73568,1,vafi
Arthritis,73291,1,vafi
Arthritis,46273949,1,vafi
Arthritis,81937,1,vafi
Arthritis,44783376,1,vafi
Arthritis,44782455,1,vafi
Arthritis,73840,1,vafi
Arthritis,77631,1,vafi
Arthritis,46273523,1,vafi
Arthritis,46273641,1,vafi
Arthritis,4250767,1,vafi
Osteo,45767042,1,vafi
Osteo,4056579,1,vafi
Falls,45766815,1,vafi
Falls,35626772,1,vafi
Falls,45766819,1,vafi
Dementia,443432,1,vafi
Falls,444197,1,vafi
Falls,436526,1,vafi
Falls,4132083,1,vafi
Falls,78276,1,vafi
Falls,45771437,1,vafi
Falls,4008523,1,vafi
Falls,45767661,1,vafi
Falls,74182,1,vafi
Falls,437703,1,vafi
Falls,4169989,1,vafi
Falls,45767623,1,vafi
Falls,4015981,1,vafi
Falls,436299,1,vafi
Falls,4140830,1,vafi
Cancer,258375,1,vafi
Cancer,81237,1,vafi
Cancer,435493,1,vafi
Cancer,436640,1,vafi
Cancer,4244488,1,vafi
Cancer,4151263,1,vafi
Cancer,4312685,1,vafi
Cancer,4095598,1,vafi
Cancer,4092380,1,vafi
Cancer,4313634,1,vafi
Cancer,4300557,1,vafi
Cancer,133974,1,vafi
Cancer,4003175,1,vafi
Cancer,4091469,1,vafi
Cancer,4092223,1,vafi
Cancer,4114198,1,vafi
Cancer,4162859,1,vafi
Cancer,253717,1,vafi
Cancer,4281030,1,vafi
Cancer,4314071,1,vafi
Cancer,438373,1,vafi
Cancer,193434,1,vafi
Cancer,432267,1,vafi
Cancer,198088,1,vafi
Cancer,4147411,1,vafi
Cancer,4300704,1,vafi
Cancer,4001328,1,vafi
Cancer,138377,1,vafi
Cancer,434881,1,vafi
Cancer,4094548,1,vafi
Cancer,4038845,1,vafi
Cancer,134596,1,vafi
Cancer,132850,1,vafi
Cancer,321526,1,vafi
Cancer,317510,1,vafi
Cancer,4031111,1,vafi
Cancer,4001670,1,vafi
Cancer,257513,1,vafi
Cancer,442129,1,vafi
Anemia,254062,1,vafi
Anemia,22281,1,vafi
Anemia,443726,1,vafi
Thyroid,138718,1,vafi
Diabetes,376979,1,vafi
PerNeuro,4234742,1,vafi
Diabetes,4032787,1,vafi
Kidney,192279,1,vafi
Depress,44805552,1,vafi
Depress,439249,1,vafi
Depress,435225,1,vafi
Depress,437529,1,vafi
Depress,4307956,1,vafi
Chronpain,436096,1,vafi
Vision,4109420,1,vafi
Vision,436108,1,vafi
Vision,373188,1,vafi
Vision,44784454,1,vafi
Hearing,377889,1,vafi
Hearing,193210,1,vafi
Hearing,378161,1,vafi
CAD,43021857,1,vafi
HF,40480603,1,vafi
CVA,4111708,1,vafi
CVA,43530688,1,vafi
CVA,40480002,1,vafi
CVA,40481354,1,vafi
PVD,37016889,1,vafi
PVD,4151275,1,vafi
PVD,4241473,1,vafi
PVD,77310,1,vafi
PVD,40480453,1,vafi
PVD,40488439,1,vafi
PVD,44782751,1,vafi
PVD,4179911,1,vafi
Lung,46273487,1,vafi
Lung,37116845,1,vafi
Lung,45763750,1,vafi
Lung,253797,1,vafi
Liver,46273476,1,vafi
Liver,377604,1,vafi
Liver,4245975,1,vafi
Liver,4340390,1,vafi
Arthritis,36685024,1,vafi
Arthritis,4211842,1,vafi
Arthritis,4286642,1,vafi
Arthritis,439678,1,vafi
Arthritis,75037,1,vafi
Arthritis,81383,1,vafi
Arthritis,4115360,1,vafi
Arthritis,77641,1,vafi
Arthritis,46273638,1,vafi
Arthritis,46273639,1,vafi
Arthritis,46270470,1,vafi
Arthritis,46270448,1,vafi
Arthritis,46270418,1,vafi
Arthritis,46270416,1,vafi
Arthritis,46270428,1,vafi
Arthritis,46272380,1,vafi
Osteo,4203555,1,vafi
Falls,45766820,1,vafi
Falls,77362,1,vafi
Falls,46270333,1,vafi
Cancer,45766974,1,vafi
Cancer,4067766,1,vafi
Cancer,73571,1,vafi
GaitAb,4114624,1,vafi
GaitAb,440377,1,vafi
Falls,4306943,1,vafi
Falls,437385,1,vafi
Falls,4133017,1,vafi
Falls,81141,1,vafi
Falls,45767161,1,vafi
Falls,45767654,1,vafi
Falls,4013323,1,vafi
Falls,45767135,1,vafi
Falls,44788772,1,vafi
Falls,4165404,1,vafi
Falls,4264281,1,vafi
Falls,40493184,1,vafi
Falls,4009610,1,vafi
Falls,4138156,1,vafi
Falls,435991,1,vafi
Falls,4055396,1,vafi
Falls,436292,1,vafi
Falls,4053863,1,vafi
Falls,4244882,1,vafi
Falls,4308870,1,vafi
Falls,4316727,1,vafi
Falls,4307211,1,vafi
Cancer,434880,1,vafi
Cancer,434590,1,vafi
Cancer,4109067,1,vafi
Cancer,81239,1,vafi
Cancer,4162994,1,vafi
Cancer,4162993,1,vafi
Cancer,201518,1,vafi
Cancer,4158563,1,vafi
Cancer,441515,1,vafi
Cancer,193719,1,vafi
Cancer,433975,1,vafi
Cancer,46271402,1,vafi
Cancer,435754,1,vafi
Cancer,193155,1,vafi
Cancer,442151,1,vafi
Cancer,198704,1,vafi
Cancer,40481901,1,vafi
Cancer,193428,1,vafi
Cancer,201813,1,vafi
Cancer,140664,1,vafi
Cancer,440965,1,vafi
Cancer,436652,1,vafi
Cancer,443719,1,vafi
Cancer,4079282,1,vafi
Cancer,4137687,1,vafi
Cancer,40482847,1,vafi
Cancer,4079686,1,vafi
Cancer,4095589,1,vafi
Cancer,133713,1,vafi
Cancer,4033300,1,vafi
Cancer,4031113,1,vafi
Cancer,194307,1,vafi
Cancer,37208036,1,vafi
Cancer,4316995,1,vafi
Cancer,37208037,1,vafi
Thyroid,4177975,1,vafi
Diabetes,376112,1,vafi
PerNeuro,376112,1,vafi
Diabetes,4227657,1,vafi
Kidney,200687,1,vafi
PerNeuro,318712,1,vafi
PVD,318712,1,vafi
Diabetes,4222415,1,vafi
Diabetes,43531616,1,vafi
Diabetes,443767,1,vafi
Dementia,378726,1,vafi
Depress,439246,1,vafi
Depress,4025677,1,vafi
Depress,433991,1,vafi
Anxiety,436075,1,vafi
Anxiety,443604,1,vafi
Dementia,380701,1,vafi
PerNeuro,40483299,1,vafi
PerNeuro,4174262,1,vafi
Chronpain,4331953,1,vafi
HTN,376965,1,vafi
Vision,45757804,1,vafi
Hearing,377572,1,vafi
CAD,443563,1,vafi
CAD,40481919,1,vafi
HF,40481042,1,vafi
CVA,4111720,1,vafi
CVA,40480946,1,vafi
PVD,138525,1,vafi
PVD,315558,1,vafi
PVD,442287,1,vafi
PVD,37312524,1,vafi
PVD,37312520,1,vafi
PVD,4177703,1,vafi
PVD,4327889,1,vafi
Lung,4146581,1,vafi
Lung,46270082,1,vafi
Lung,437906,1,vafi
Lung,4044215,1,vafi
Liver,4159144,1,vafi
Arthritis,42534837,1,vafi
Arthritis,42872407,1,vafi
Arthritis,46270455,1,vafi
Arthritis,4323893,1,vafi
Arthritis,4177851,1,vafi
Arthritis,4324765,1,vafi
Arthritis,44784338,1,vafi
Arthritis,4291025,1,vafi
Arthritis,4197476,1,vafi
Arthritis,80183,1,vafi
Arthritis,46270454,1,vafi
Arthritis,46270452,1,vafi
Arthritis,46270431,1,vafi
Arthritis,46270424,1,vafi
Falls,4201705,1,vafi
Kidney,193782,1,vafi
GaitAb,4092743,1,vafi
Dementia,4116731,1,vafi
Falls,40483811,1,vafi
Falls,437409,1,vafi
Falls,4170449,1,vafi
Falls,4133018,1,vafi
Falls,4008520,1,vafi
Falls,76240,1,vafi
Falls,436248,1,vafi
Falls,45771398,1,vafi
Falls,40493210,1,vafi
Falls,439615,1,vafi
Falls,436882,1,vafi
Falls,433657,1,vafi
Falls,441192,1,vafi
Falls,442031,1,vafi
Cancer,4153890,1,vafi
Cancer,4298740,1,vafi
Cancer,4295624,1,vafi
Cancer,4115027,1,vafi
Cancer,254583,1,vafi
Cancer,4089777,1,vafi
Cancer,133711,1,vafi
Cancer,377811,1,vafi
Cancer,4246137,1,vafi
Cancer,46273652,1,vafi
Cancer,4315806,1,vafi
Cancer,78097,1,vafi
Cancer,4246450,1,vafi
Cancer,432271,1,vafi
Cancer,37017321,1,vafi
Cancer,440351,1,vafi
Cancer,442161,1,vafi
Cancer,194594,1,vafi
Cancer,194593,1,vafi
Cancer,40481522,1,vafi
Cancer,4003188,1,vafi
Cancer,132575,1,vafi
Cancer,4003184,1,vafi
Cancer,138708,1,vafi
Diabetes,4174977,1,vafi
Diabetes,4226798,1,vafi
Depress,440078,1,vafi
Depress,4141454,1,vafi
Muscular,4300305,1,vafi
Vision,437269,1,vafi
Vision,4042550,1,vafi
Hearing,374053,1,vafi
CVA,4338227,1,vafi
CVA,4111716,1,vafi
PVD,35615028,1,vafi
PVD,37312531,1,vafi
PVD,44782744,1,vafi
Lung,438782,1,vafi
Lung,4341520,1,vafi
Liver,46269835,1,vafi
Liver,46269818,1,vafi
Liver,4026136,1,vafi
Arthritis,37108590,1,vafi
Arthritis,4117686,1,vafi
Arthritis,40482662,1,vafi
Arthritis,4114600,1,vafi
Arthritis,443582,1,vafi
Arthritis,79904,1,vafi
Arthritis,46270475,1,vafi
Arthritis,46270471,1,vafi
Arthritis,46270459,1,vafi
Arthritis,46270413,1,vafi
Arthritis,46273508,1,vafi
Falls,196858,1,vafi
Kidney,4058977,1,vafi
GaitAb,437643,1,vafi
Dementia,4009705,1,vafi
Dementia,4254485,1,vafi
Falls,77702,1,vafi
Falls,77115,1,vafi
Falls,435443,1,vafi
Falls,441765,1,vafi
Cancer,4157454,1,vafi
Cancer,37016171,1,vafi
Cancer,4091467,1,vafi
Cancer,137809,1,vafi
Cancer,436054,1,vafi
Cancer,4110889,1,vafi
Cancer,4246451,1,vafi
Cancer,443252,1,vafi
Cancer,442163,1,vafi
Cancer,4038841,1,vafi
Cancer,195761,1,vafi
Cancer,439265,1,vafi
Cancer,135759,1,vafi
Cancer,437818,1,vafi
Cancer,133154,1,vafi
Cancer,134305,1,vafi
Cancer,141816,1,vafi
Cancer,4133599,1,vafi
Cancer,442104,1,vafi
Cancer,444459,1,vafi
Anemia,140681,1,vafi
Anemia,317248,1,vafi
Anemia,45768812,1,vafi
Thyroid,138717,1,vafi
Diabetes,4226238,1,vafi
Diabetes,37017432,1,vafi
PerNeuro,37017432,1,vafi
Depress,439261,1,vafi
Depress,4177651,1,vafi
Anxiety,435230,1,vafi
Vision,441284,1,vafi
Vision,4143365,1,vafi
Vision,4150173,1,vafi
CAD,316427,1,vafi
CVA,4153380,1,vafi
PVD,46271459,1,vafi
PVD,37312529,1,vafi
PVD,201043,1,vafi
PVD,3655084,1,vafi
Lung,45769351,1,vafi
Arthritis,4184657,1,vafi
Arthritis,4035437,1,vafi
Arthritis,79112,1,vafi
Arthritis,80495,1,vafi
Arthritis,74124,1,vafi
Arthritis,4116594,1,vafi
Arthritis,73553,1,vafi
Arthritis,4323193,1,vafi
Arthritis,78505,1,vafi
Arthritis,4116007,1,vafi
Arthritis,46270474,1,vafi
Osteo,4110914,1,vafi
Kidney,4140207,1,vafi
Incont,195079,1,vafi
Falls,45767649,1,vafi
Falls,436247,1,vafi
Kidney,46270032,1,vafi
Cancer,261236,1,vafi
Cancer,4291454,1,vafi
Cancer,4297668,1,vafi
Cancer,4097283,1,vafi
Cancer,37016170,1,vafi
Cancer,440956,1,vafi
Cancer,432263,1,vafi
Cancer,4187850,1,vafi
Cancer,4246808,1,vafi
Cancer,438095,1,vafi
Cancer,199752,1,vafi
Cancer,443391,1,vafi
Cancer,201242,1,vafi
Cancer,194876,1,vafi
Cancer,442158,1,vafi
Cancer,442162,1,vafi
Cancer,198374,1,vafi
Cancer,194878,1,vafi
Cancer,315481,1,vafi
Cancer,434877,1,vafi
Cancer,133438,1,vafi
Cancer,198100,1,vafi
Anemia,40485018,1,vafi
Anemia,443721,1,vafi
Anemia,321263,1,vafi
Diabetes,4048028,1,vafi
Diabetes,4226354,1,vafi
PVD,4226354,1,vafi
Diabetes,36714116,1,vafi
Diabetes,4044391,1,vafi
PerNeuro,4044391,1,vafi
Diabetes,443730,1,vafi
Anxiety,433993,1,vafi
Chronpain,440704,1,vafi
Vision,437553,1,vafi
Vision,376978,1,vafi
Vision,4260194,1,vafi
Vision,4164640,1,vafi
Vision,4164639,1,vafi
CAD,46270162,1,vafi
HF,40481043,1,vafi
CVA,432923,1,vafi
PVD,36717286,1,vafi
PVD,4299440,1,vafi
PVD,44782762,1,vafi
Lung,45768910,1,vafi
Lung,256449,1,vafi
Lung,4311555,1,vafi
Liver,4340383,1,vafi
Arthritis,36685022,1,vafi
Arthritis,4009619,1,vafi
Arthritis,4117689,1,vafi
Arthritis,46270461,1,vafi
Arthritis,72991,1,vafi
Arthritis,4175848,1,vafi
Arthritis,4035751,1,vafi
Arthritis,46270435,1,vafi
Incont,193326,1,vafi
Fatigue,43530645,1,vafi
Falls,4132082,1,vafi
Falls,45767663,1,vafi
Falls,4167914,1,vafi
Cancer,4247348,1,vafi
Cancer,198085,1,vafi
Cancer,4092235,1,vafi
Cancer,4091464,1,vafi
Cancer,201801,1,vafi
Cancer,198104,1,vafi
Cancer,315202,1,vafi
Cancer,433161,1,vafi
Cancer,35610325,1,vafi
Cancer,4041800,1,vafi
Cancer,40487528,1,vafi
Cancer,138099,1,vafi
Cancer,135766,1,vafi
Cancer,438107,1,vafi
Cancer,37018338,1,vafi
Cancer,37018339,1,vafi
Anemia,443738,1,vafi
Diabetes,37016350,1,vafi
Diabetes,4159742,1,vafi
Dementia,435243,1,vafi
Dementia,374623,1,vafi
Depress,439253,1,vafi
Depress,4310821,1,vafi
Depress,436072,1,vafi
PD,4248716,1,vafi
Chronpain,44784644,1,vafi
PerNeuro,194913,1,vafi
Vision,376116,1,vafi
Hearing,374367,1,vafi
HF,40480602,1,vafi
HF,44782733,1,vafi
CVA,4111717,1,vafi
CVA,45766121,1,vafi
PVD,36717006,1,vafi
PVD,37016882,1,vafi
PVD,37109512,1,vafi
Lung,45768965,1,vafi
Lung,45769350,1,vafi
Lung,4252581,1,vafi
Lung,36714118,1,vafi
Arthritis,762446,1,vafi
Arthritis,46270456,1,vafi
Arthritis,46270457,1,vafi
Arthritis,81945,1,vafi
Arthritis,44784341,1,vafi
Arthritis,46270446,1,vafi
Arthritis,46270442,1,vafi
Cancer,4144316,1,vafi
Incont,443524,1,vafi
Incont,4216708,1,vafi
Dementia,4220292,1,vafi
Falls,439384,1,vafi
Falls,444198,1,vafi
Falls,46273404,1,vafi
Falls,440545,1,vafi
Falls,4151985,1,vafi
Falls,435172,1,vafi
Falls,4311377,1,vafi
Falls,4050586,1,vafi
Falls,434549,1,vafi
Falls,4236512,1,vafi
Cancer,444203,1,vafi
Cancer,4180312,1,vafi
Cancer,4187851,1,vafi
Cancer,4281027,1,vafi
Cancer,443565,1,vafi
Cancer,434300,1,vafi
Cancer,192268,1,vafi
Cancer,200355,1,vafi
Cancer,442169,1,vafi
Cancer,4082311,1,vafi
Cancer,4139358,1,vafi
PVD,321822,1,vafi
Depress,433992,1,vafi
Depress,4263748,1,vafi
Vision,253482,1,vafi
Vision,372897,1,vafi
Vision,375548,1,vafi
Vision,376402,1,vafi
CAD,43020460,1,vafi
CVA,44782781,1,vafi
PVD,36712807,1,vafi
PVD,4256889,1,vafi
PVD,44782760,1,vafi
Lung,4138760,1,vafi
Lung,45769438,1,vafi
Lung,317009,1,vafi
Lung,40483342,1,vafi
Lung,435853,1,vafi
Arthritis,42534834,1,vafi
Arthritis,134453,1,vafi
Arthritis,4118008,1,vafi
Arthritis,76789,1,vafi
Arthritis,4114604,1,vafi
Arthritis,46270420,1,vafi
Incont,4258293,1,vafi
Fatigue,432738,1,vafi
Falls,381135,1,vafi
Cancer,4297667,1,vafi
Cancer,432264,1,vafi
Cancer,4147162,1,vafi
Cancer,193144,1,vafi
Cancer,442157,1,vafi
Cancer,435203,1,vafi
Cancer,4041798,1,vafi
Cancer,436651,1,vafi
Cancer,4097560,1,vafi
Cancer,135765,1,vafi
Cancer,316356,1,vafi
Cancer,132853,1,vafi
Cancer,134603,1,vafi
Cancer,37208031,1,vafi
Thyroid,136932,1,vafi
Thyroid,137519,1,vafi
Diabetes,4191611,1,vafi
Depress,435226,1,vafi
Depress,372599,1,vafi
Depress,436086,1,vafi
Depress,4323418,1,vafi
Vision,377290,1,vafi
Hearing,4150172,1,vafi
Hearing,43021778,1,vafi
AFIB,313217,1,vafi
HF,40479192,1,vafi
HF,4229440,1,vafi
PVD,4124841,1,vafi
Lung,45768963,1,vafi
Lung,45769352,1,vafi
Liver,46269836,1,vafi
Arthritis,37108591,1,vafi
Arthritis,35609009,1,vafi
Arthritis,37108607,1,vafi
Arthritis,4344258,1,vafi
Arthritis,4153359,1,vafi
Arthritis,4116926,1,vafi
Arthritis,44784339,1,vafi
Arthritis,46270436,1,vafi
Arthritis,46270429,1,vafi
Kidney,133810,1,vafi
Incont,197675,1,vafi
Falls,40481145,1,vafi
Cancer,4311499,1,vafi
Cancer,4149851,1,vafi
Cancer,36684817,1,vafi
Cancer,198985,1,vafi
Cancer,4038839,1,vafi
Cancer,4038842,1,vafi
Cancer,136928,1,vafi
Cancer,313980,1,vafi
Cancer,442168,1,vafi
Cancer,439267,1,vafi
Cancer,439270,1,vafi
Cancer,436059,1,vafi
Cancer,135496,1,vafi
Cancer,134597,1,vafi
Cancer,4002494,1,vafi
Cancer,4031109,1,vafi
Cancer,198402,1,vafi
Cancer,37208034,1,vafi
Anemia,4216915,1,vafi
Thyroid,140976,1,vafi
Thyroid,138387,1,vafi
Diabetes,43530690,1,vafi
Arthritis,46270483,1,vafi
Depress,442306,1,vafi
Muscular,436675,1,vafi
PD,4171569,1,vafi
Chronpain,4150125,1,vafi
Hearing,377574,1,vafi
CVA,4006294,1,vafi
CVA,374384,1,vafi
PVD,37312519,1,vafi
PVD,318443,1,vafi
PVD,320739,1,vafi
PVD,436136,1,vafi
PVD,314962,1,vafi
PVD,4207615,1,vafi
Liver,4064161,1,vafi
Arthritis,37108605,1,vafi
Arthritis,36685020,1,vafi
Arthritis,46270468,1,vafi
Arthritis,75620,1,vafi
Arthritis,46270450,1,vafi
PerNeuro,46270482,1,vafi
Falls,4050692,1,vafi
Fatigue,4272240,1,vafi
Falls,444196,1,vafi
Falls,434770,1,vafi
Cancer,201519,1,vafi
Cancer,4244051,1,vafi
Cancer,4294416,1,vafi
Cancer,4116241,1,vafi
Cancer,36684820,1,vafi
Cancer,254591,1,vafi
Cancer,37018934,1,vafi
Cancer,434302,1,vafi
Cancer,200338,1,vafi
Cancer,40479608,1,vafi
Cancer,135764,1,vafi
Cancer,4041799,1,vafi
Diabetes,201530,1,vafi
Arthritis,4196141,1,vafi
Diabetes,4196141,1,vafi
PerNeuro,4226354,1,vafi
Depress,439272,1,vafi
Vision,4224741,1,vafi
Vision,45757715,1,vafi
Vision,376405,1,vafi
Vision,377286,1,vafi
CAD,764123,1,vafi
CAD,36712982,1,vafi
HF,443580,1,vafi
HF,44782719,1,vafi
CVA,4111721,1,vafi
PVD,432346,1,vafi
Lung,45768908,1,vafi
Lung,313236,1,vafi
Lung,4195014,1,vafi
Lung,4296638,1,vafi
Lung,45768996,1,vafi
Liver,4340386,1,vafi
Liver,4059299,1,vafi
Arthritis,35609010,1,vafi
Arthritis,4216972,1,vafi
Arthritis,4101425,1,vafi
Arthritis,46270444,1,vafi
Osteo,4203556,1,vafi
Muscular,79908,1,vafi
Falls,4159165,1,vafi
Falls,4142989,1,vafi
Cancer,4299417,1,vafi
Cancer,4153887,1,vafi
Cancer,4038843,1,vafi
Cancer,439285,1,vafi
Cancer,4038835,1,vafi
Cancer,134879,1,vafi
Anemia,36713112,1,vafi
Anemia,4239484,1,vafi
Arthritis,4114427,1,vafi
Diabetes,443731,1,vafi
Kidney,443731,1,vafi
Diabetes,45757363,1,vafi
Dementia,37109056,1,vafi
Dementia,374888,1,vafi
Depress,441834,1,vafi
Depress,439248,1,vafi
Depress,4220618,1,vafi
Chronpain,44784631,1,vafi
HF,44782718,1,vafi
Lung,4045227,1,vafi
Lung,40491883,1,vafi
Arthritis,42534836,1,vafi
Arthritis,78506,1,vafi
Arthritis,44782456,1,vafi
Arthritis,4083695,1,vafi
Arthritis,46270426,1,vafi
Falls,192759,1,vafi
Incont,40490423,1,vafi
Incont,193874,1,vafi
Incont,4096856,1,vafi
Falls,434500,1,vafi
Falls,436583,1,vafi
Cancer,443381,1,vafi
Cancer,443380,1,vafi
Cancer,40481907,1,vafi
Cancer,321522,1,vafi
Cancer,442150,1,vafi
Cancer,133158,1,vafi
Cancer,760936,1,vafi
Cancer,132572,1,vafi
Cancer,135762,1,vafi
Cancer,4001315,1,vafi
Cancer,437238,1,vafi
Cancer,438990,1,vafi
Anemia,26942,1,vafi
Anemia,432881,1,vafi
Thyroid,134618,1,vafi
Thyroid,134608,1,vafi
Diabetes,4175440,1,vafi
Diabetes,4029420,1,vafi
PerNeuro,37017431,1,vafi
Diabetes,43531578,1,vafi
Kidney,43531578,1,vafi
Diabetes,4221495,1,vafi
Dementia,43530666,1,vafi
Depress,439273,1,vafi
Depress,442600,1,vafi
Dementia,439795,1,vafi
Vision,45772121,1,vafi
Vision,376977,1,vafi
CAD,4198141,1,vafi
CAD,36712779,1,vafi
PVD,36712805,1,vafi
PVD,35611566,1,vafi
PVD,44782819,1,vafi
PVD,198446,1,vafi
Arthritis,46270422,1,vafi
Osteo,4204781,1,vafi
Falls,4056579,1,vafi
Incont,200848,1,vafi
Fatigue,37396808,1,vafi
Falls,42873157,1,vafi
Falls,75932,1,vafi
PerNeuro,372243,1,vafi
Cancer,40492482,1,vafi
Cancer,4312802,1,vafi
Cancer,4160276,1,vafi
Cancer,40482859,1,vafi
Cancer,443382,1,vafi
Cancer,46271647,1,vafi
Cancer,198381,1,vafi
Cancer,193157,1,vafi
Cancer,4002356,1,vafi
Cancer,437504,1,vafi
Cancer,196055,1,vafi
Cancer,141524,1,vafi
Cancer,135204,1,vafi
Cancer,437233,1,vafi
Cancer,37208045,1,vafi
Cancer,759931,1,vafi
Anemia,35624756,1,vafi
Thyroid,4229431,1,vafi
PerNeuro,377821,1,vafi
Diabetes,43531563,1,vafi
Diabetes,4099651,1,vafi
Dementia,37018688,1,vafi
Vision,45757711,1,vafi
HF,443587,1,vafi
CVA,4288310,1,vafi
CVA,4112026,1,vafi
PVD,321882,1,vafi
Lung,45768964,1,vafi
Lung,45771045,1,vafi
Lung,45763749,1,vafi
Arthritis,37108614,1,vafi
Arthritis,37119224,1,vafi
Arthritis,37108606,1,vafi
Arthritis,46270458,1,vafi
Arthritis,4181453,1,vafi
HTN,45757756,1,vafi
Fatigue,437113,1,vafi
FtoThrive,438567,1,vafi
Falls,437106,1,vafi
Cancer,443384,1,vafi
Cancer,136655,1,vafi
Cancer,434299,1,vafi
Cancer,442159,1,vafi
Cancer,439282,1,vafi
Cancer,439281,1,vafi
Cancer,4091768,1,vafi
Cancer,4097561,1,vafi
Cancer,435758,1,vafi
Cancer,4040380,1,vafi
Cancer,138378,1,vafi
Cancer,195760,1,vafi
Cancer,35610328,1,vafi
Cancer,4287493,1,vafi
Cancer,37208046,1,vafi
Cancer,759930,1,vafi
Cancer,194306,1,vafi
Diabetes,376065,1,vafi
PerNeuro,376065,1,vafi
Diabetes,37016349,1,vafi
Muscular,4269485,1,vafi
HF,319825,1,vafi
CAD,45766241,1,vafi
PVD,36712806,1,vafi
PVD,36712963,1,vafi
PVD,36717267,1,vafi
Lung,45771019,1,vafi
Liver,196463,1,vafi
Arthritis,46273541,1,vafi
Arthritis,75040,1,vafi
Arthritis,46273507,1,vafi
Osteo,440812,1,vafi
Osteo,4115181,1,vafi
Cancer,45757298,1,vafi
Falls,4243161,1,vafi
Cancer,45890688,1,vafi
Cancer,45890689,1,vafi
Cancer,45890690,1,vafi
Lung,45890699,1,vafi
Depress,45890759,1,vafi
Cancer,45890780,1,vafi
Cancer,45890783,1,vafi
Cancer,45890784,1,vafi
